side_proxy,hitter,sample_size,dtl_rate,point_win_rate
deuce,Hubert Hurkacz,567,0.5044091710758377,0.47619047619047616
deuce,Daniil Medvedev,548,0.3704379562043796,0.5328467153284672
deuce,Jannik Sinner,454,0.3303964757709251,0.5330396475770925
deuce,Carlos Alcaraz,314,0.37898089171974525,0.5159235668789809
deuce,Novak Djokovic,271,0.36900369003690037,0.5940959409594095
deuce,Andrey Rublev,245,0.3224489795918367,0.4857142857142857
deuce,Alexander Zverev,220,0.2909090909090909,0.4772727272727273
deuce,Tommy Paul,208,0.38461538461538464,0.5144230769230769
ad,Adrian Mannarino,203,0.15763546798029557,0.4876847290640394
deuce,Alex De Minaur,197,0.3197969543147208,0.5126903553299492
deuce,Stefanos Tsitsipas,188,0.3670212765957447,0.5053191489361702
ad,Rafael Nadal,186,0.14516129032258066,0.5806451612903226
deuce,Taylor Fritz,182,0.34065934065934067,0.489010989010989
deuce,Casper Ruud,177,0.384180790960452,0.4406779661016949
deuce,Grigor Dimitrov,167,0.4491017964071856,0.48502994011976047
deuce,Botic Van De Zandschulp,156,0.33974358974358976,0.4807692307692308
deuce,Tallon Griekspoor,156,0.2948717948717949,0.4358974358974359
deuce,Emil Ruusuvuori,144,0.4375,0.5347222222222222
deuce,Lorenzo Musetti,143,0.3986013986013986,0.5314685314685315
deuce,Sebastian Korda,137,0.34306569343065696,0.45255474452554745
deuce,Dominic Thiem,121,0.33884297520661155,0.5537190082644629
deuce,Andy Murray,118,0.4322033898305085,0.5084745762711864
deuce,Karen Khachanov,112,0.5625,0.42857142857142855
deuce,Frances Tiafoe,105,0.3523809523809524,0.5428571428571428
deuce,Felix Auger Aliassime,104,0.3942307692307692,0.47115384615384615
deuce,Jiri Lehecka,101,0.33663366336633666,0.48514851485148514
deuce,Gael Monfils,97,0.41237113402061853,0.5567010309278351
deuce,Miomir Kecmanovic,93,0.3333333333333333,0.46236559139784944
deuce,Stan Wawrinka,93,0.3870967741935484,0.46236559139784944
ad,Ugo Humbert,93,0.26881720430107525,0.44086021505376344
ad,Alex Molcan,90,0.23333333333333334,0.4777777777777778
ad,Yoshihito Nishioka,90,0.32222222222222224,0.4444444444444444
deuce,Holger Rune,81,0.5555555555555556,0.48148148148148145
deuce,David Goffin,80,0.4125,0.5125
deuce,Roberto Bautista Agut,80,0.375,0.6
deuce,Jakub Mensik,78,0.38461538461538464,0.48717948717948717
deuce,Alexander Bublik,76,0.34210526315789475,0.5131578947368421
deuce,Alejandro Davidovich Fokina,74,0.3918918918918919,0.527027027027027
deuce,Brandon Nakashima,71,0.39436619718309857,0.4647887323943662
deuce,Nishesh Basavareddy,71,0.2535211267605634,0.5352112676056338
ad,Cameron Norrie,70,0.37142857142857144,0.5142857142857142
deuce,Thanasi Kokkinakis,68,0.5,0.5441176470588235
ad,Ben Shelton,66,0.4393939393939394,0.3787878787878788
deuce,Sebastian Baez,64,0.34375,0.484375
deuce,Arthur Fils,63,0.2698412698412698,0.5079365079365079
deuce,Zhizhen Zhang,63,0.3333333333333333,0.4603174603174603
ad,Jack Draper,62,0.41935483870967744,0.5
deuce,Matteo Berrettini,62,0.43548387096774194,0.5
deuce,Borna Coric,61,0.39344262295081966,0.4426229508196721
deuce,Alexei Popyrin,60,0.31666666666666665,0.38333333333333336
deuce,Aslan Karatsev,60,0.4166666666666667,0.5333333333333333
deuce,Tomas Machac,60,0.4166666666666667,0.5
ad,Denis Shapovalov,57,0.2807017543859649,0.38596491228070173
deuce,John Millman,57,0.15789473684210525,0.5789473684210527
deuce,Laslo Djere,56,0.3392857142857143,0.2857142857142857
deuce,Jenson Brooksby,55,0.43636363636363634,0.5454545454545454
deuce,Francisco Cerundolo,52,0.5192307692307693,0.5
deuce,Lorenzo Sonego,52,0.3076923076923077,0.46153846153846156
deuce,Alex Michelsen,51,0.5882352941176471,0.49019607843137253
deuce,Diego Schwartzman,51,0.21568627450980393,0.43137254901960786
deuce,Jordan Thompson,51,0.49019607843137253,0.5686274509803921
deuce,Marcos Giron,50,0.4,0.38
deuce,Matteo Arnaldi,49,0.5714285714285714,0.42857142857142855
deuce,Pedro Martinez,49,0.3469387755102041,0.4897959183673469
deuce,Fabian Marozsan,47,0.425531914893617,0.44680851063829785
ad,Corentin Moutet,46,0.30434782608695654,0.391304347826087
deuce,Christopher Oconnell,44,0.5454545454545454,0.36363636363636365
deuce,Ilya Ivashka,44,0.3409090909090909,0.5
deuce,Daniel Evans,42,0.2857142857142857,0.5
deuce,Tomas Martin Etcheverry,42,0.35714285714285715,0.47619047619047616
deuce,Mackenzie Mcdonald,41,0.2926829268292683,0.3902439024390244
deuce,Pablo Carreno Busta,40,0.325,0.45
deuce,Cristian Garin,38,0.4473684210526316,0.3684210526315789
deuce,Benjamin Bonzi,37,0.43243243243243246,0.35135135135135137
ad,Juncheng Shang,36,0.25,0.5
deuce,Alexander Shevchenko,35,0.4857142857142857,0.4
deuce,Dusan Lajovic,35,0.34285714285714286,0.4857142857142857
deuce,Roman Safiullin,35,0.37142857142857144,0.45714285714285713
deuce,Jan Lennard Struff,34,0.11764705882352941,0.4117647058823529
ad,Learner Tien,34,0.3235294117647059,0.38235294117647056
deuce,Jaume Munar,33,0.36363636363636365,0.45454545454545453
deuce,Taro Daniel,33,0.5757575757575758,0.6060606060606061
ad,Marc Andrea Huesler,32,0.34375,0.3125
deuce,Marin Cilic,32,0.40625,0.34375
deuce,Nick Kyrgios,32,0.40625,0.6875
deuce,Rinky Hijikata,32,0.375,0.4375
deuce,Adrian Andreev,28,0.32142857142857145,0.5
deuce,Daniel Elahi Galan,27,0.1111111111111111,0.5555555555555556
deuce,Zizou Bergs,26,0.38461538461538464,0.46153846153846156
deuce,Gilles Simon,25,0.28,0.64
deuce,Joao Fonseca,25,0.28,0.6
deuce,Luca Van Assche,25,0.36,0.6
deuce,Mikael Ymer,25,0.56,0.36
deuce,Jesper De Jong,24,0.5416666666666666,0.4583333333333333
deuce,Nuno Borges,24,0.375,0.5
deuce,Soon Woo Kwon,24,0.2916666666666667,0.5416666666666666
deuce,Tim Van Rijthoven,24,0.2916666666666667,0.5
deuce,Otto Virtanen,23,0.5652173913043478,0.34782608695652173
deuce,Luca Nardi,22,0.5454545454545454,0.5
deuce,Roberto Carballes Baena,22,0.6363636363636364,0.5
ad,Liam Broady,21,0.3333333333333333,0.38095238095238093
deuce,Michael Mmoh,21,0.23809523809523808,0.7142857142857143
deuce,Dino Prizmic,20,0.45,0.4
deuce,Gregoire Barrere,20,0.4,0.6
deuce,Thiago Seyboth Wild,20,0.35,0.45
deuce,Timofey Skatov,20,0.05,0.5
deuce,Arthur Cazaux,19,0.42105263157894735,0.47368421052631576
deuce,John Isner,19,0.631578947368421,0.5789473684210527
deuce,Karue Sell,19,0.10526315789473684,0.42105263157894735
deuce,Jason Kubler,18,0.5555555555555556,0.4444444444444444
deuce,Richard Gasquet,18,0.2777777777777778,0.5
deuce,Borna Gojo,17,0.11764705882352941,0.17647058823529413
deuce,Egor Gerasimov,17,0.29411764705882354,0.35294117647058826
deuce,Gabriel Diallo,17,0.4117647058823529,0.47058823529411764
ad,Gijs Brouwer,17,0.29411764705882354,0.5882352941176471
deuce,J J Wolf,17,0.47058823529411764,0.47058823529411764
deuce,Maks Kasnikowski,17,0.11764705882352941,0.5294117647058824
deuce,Steve Johnson,17,0.5294117647058824,0.4117647058823529
deuce,Juan Pablo Varillas,16,0.5,0.5
ad,Omar Jasika,16,0.5625,0.5625
deuce,Radu Albot,16,0.1875,0.5625
deuce,Stefan Kozlov,16,0.75,0.75
deuce,Arthur Rinderknech,15,0.5333333333333333,0.5333333333333333
deuce,Li Tu,15,0.6,0.3333333333333333
deuce,Max Purcell,15,0.4666666666666667,0.4666666666666667
deuce,Yibing Wu,15,0.4,0.7333333333333333
deuce,Aleksandar Kovacevic,14,0.35714285714285715,0.2857142857142857
deuce,Aleksandre Metreveli,14,0.07142857142857142,0.2857142857142857
ad,Dominic Stricker,14,0.2857142857142857,0.2857142857142857
deuce,Leandro Riedi,14,0.42857142857142855,0.35714285714285715
deuce,Paul Jubb,13,0.3076923076923077,0.46153846153846156
deuce,Pavel Kotov,13,0.38461538461538464,0.46153846153846156
deuce,Quentin Halys,13,0.38461538461538464,0.46153846153846156
deuce,Reilly Opelka,13,0.6153846153846154,0.46153846153846156
deuce,Aleksandar Vukic,12,0.16666666666666666,0.4166666666666667
deuce,Bernabe Zapata Miralles,12,0.4166666666666667,0.3333333333333333
deuce,Camilo Ugo Carabelli,12,0.4166666666666667,0.5833333333333334
deuce,Flavio Cobolli,12,0.5,0.5833333333333334
deuce,Giovanni Mpetshi Perricard,12,0.6666666666666666,0.5833333333333334
deuce,Kei Nishikori,12,0.4166666666666667,0.4166666666666667
deuce,Pablo Andujar,12,0.3333333333333333,0.4166666666666667
deuce,Bu Yunchaokete,11,0.45454545454545453,0.45454545454545453
deuce,Christopher Eubanks,11,0.09090909090909091,0.09090909090909091
deuce,Dimitar Kuzmanov,11,0.7272727272727273,0.5454545454545454
deuce,Enzo Couacaud,11,1.0,0.36363636363636365
ad,Federico Delbonis,11,0.45454545454545453,0.45454545454545453
deuce,Pedro Cachin,11,0.45454545454545453,0.36363636363636365
deuce,Sebastian Ofner,11,0.45454545454545453,0.5454545454545454
deuce,Yannick Hanfmann,11,0.36363636363636365,0.6363636363636364
deuce,Yasutaka Uchiyama,11,0.18181818181818182,0.36363636363636365
deuce,Alexis Galarneau,10,0.4,0.8
deuce,Eliot Spizzirri,10,0.3,0.6
deuce,Emilio Nava,10,0.2,0.4
ad,Mattia Bellucci,10,0.3,0.5
deuce,Nicolas Jarry,10,0.4,0.6
deuce,Tristan Schoolkate,10,0.8,0.2
deuce,Yu Hsiou Hsu,10,0.3,0.4
deuce,Brandon Holt,9,0.5555555555555556,0.5555555555555556
deuce,Gilles Arnaud Bailly,9,0.2222222222222222,0.4444444444444444
deuce,Liam Draxl,9,0.5555555555555556,0.7777777777777778
deuce,Lloyd Harris,9,0.1111111111111111,0.2222222222222222
ad,Abedallah Shelbayh,8,0.375,0.625
deuce,Bruno Kuzuhara,8,0.25,0.625
deuce,Dmitry Popko,8,0.5,0.75
ad,Dominik Koepfer,8,0.125,0.375
deuce,Govind Nanda,8,0.5,0.25
deuce,Kilian Feldbausch,8,0.625,0.25
deuce,Kyle Edmund,8,0.375,0.125
deuce,Ugo Blanchet,8,0.5,0.75
deuce,Bernard Tomic,7,0.2857142857142857,0.14285714285714285
deuce,Daniel Altmaier,7,0.8571428571428571,0.5714285714285714
deuce,Duje Ajdukovic,7,0.14285714285714285,0.2857142857142857
deuce,Emilio Gomez,7,0.2857142857142857,0.5714285714285714
deuce,Evan Zhu,7,0.0,0.42857142857142855
ad,Feliciano Lopez,7,0.14285714285714285,0.2857142857142857
deuce,Fitriadi M Rifqi,7,0.14285714285714285,0.42857142857142855
deuce,Joris De Loore,7,0.2857142857142857,0.14285714285714285
deuce,Marton Fucsovics,7,0.42857142857142855,0.42857142857142855
deuce,Matwe Middelkoop,7,0.5714285714285714,0.42857142857142855
deuce,Rei Sakamoto,7,0.42857142857142855,0.5714285714285714
deuce,Yosuke Watanuki,7,0.14285714285714285,0.5714285714285714
ad,Albert Ramos,6,0.3333333333333333,0.6666666666666666
deuce,Alexander Blockx,6,0.3333333333333333,0.6666666666666666
deuce,Cem Ilkel,6,0.3333333333333333,0.5
deuce,Colton Smith,6,0.3333333333333333,0.5
deuce,Ethan Quinn,6,0.16666666666666666,0.3333333333333333
deuce,Evan Furness,6,0.6666666666666666,0.3333333333333333
deuce,Federico Cina,6,0.3333333333333333,0.6666666666666666
ad,Fernando Verdasco,6,0.3333333333333333,0.5
deuce,Henri Laaksonen,6,0.3333333333333333,0.3333333333333333
deuce,James Mccabe,6,0.0,0.16666666666666666
ad,Jiri Vesely,6,0.3333333333333333,0.16666666666666666
deuce,Lukas Klein,6,0.3333333333333333,0.5
deuce,Martin Borisiouk,6,0.16666666666666666,0.5
deuce,Raphael Collignon,6,0.6666666666666666,0.5
deuce,Thijs Boogaard,6,0.5,0.6666666666666666
deuce,Vasek Pospisil,6,0.5,0.16666666666666666
deuce,Zachary Svajda,6,0.6666666666666666,0.5
deuce,Adam Walton,5,0.2,0.4
deuce,Andrej Martin,5,0.4,0.6
deuce,Billy Harris,5,0.0,0.2
deuce,Damir Dzumhur,5,0.0,0.4
deuce,Dylan Dietrich,5,0.6,0.8
deuce,Evgeny Donskoy,5,0.4,0.4
ad,Facundo Diaz Acosta,5,0.6,0.4
deuce,Gabriel Decamps,5,0.6,0.6
ad,Giulio Zeppieri,5,0.0,0.4
ad,Hugo Gaston,5,0.2,0.2
deuce,James Duckworth,5,0.2,0.2
ad,Juan Manuel Cerundolo,5,0.2,0.6
deuce,Kyrian Jacquet,5,0.4,0.4
deuce,Martin Landaluce,5,0.4,0.6
deuce,Mikhail Kukushkin,5,0.4,0.4
deuce,Minhtuan Pham,5,0.6,0.4
deuce,Naoki Nakagawa,5,0.4,0.2
deuce,Oleksii Krutykh,5,0.6,0.4
deuce,Peter Bertran,5,0.4,0.4
deuce,Sam Querrey,5,0.8,0.4
deuce,Tung Lin Wu,5,0.0,0.6
ad,Alejandro Tabilo,4,0.0,0.25
deuce,Attila Balazs,4,0.75,0.25
deuce,Benoit Paire,4,0.0,0.0
deuce,Christoph Negritu,4,0.25,0.25
deuce,Constant Lestienne,4,0.5,1.0
deuce,Fabio Fognini,4,0.0,0.75
deuce,Filip Bergevi,4,0.25,0.25
deuce,Hugo Grenier,4,0.25,0.5
deuce,Jozef Kovalik,4,1.0,0.75
deuce,Laurent Lokoli,4,0.25,0.25
deuce,Malek Jaziri,4,0.5,0.0
deuce,Max Hans Rehberg,4,0.0,0.5
deuce,Milos Raonic,4,0.75,0.25
deuce,Oscar Otte,4,0.5,0.5
deuce,Ozan Baris,4,0.5,0.75
deuce,Coleman Wong,3,0.3333333333333333,0.3333333333333333
ad,Goncalo Oliveira,3,0.6666666666666666,0.3333333333333333
deuce,Jo Wilfried Tsonga,3,0.6666666666666666,0.6666666666666666
deuce,Joao Sousa,3,0.6666666666666666,0.0
deuce,Juan Carlos Prado Angelo,3,0.0,0.6666666666666666
deuce,Kiranpal Pannu,3,0.3333333333333333,0.6666666666666666
ad,Lucas Pouille,3,0.0,1.0
deuce,Masamichi Imamura,3,0.0,0.3333333333333333
ad,Maximilian Marterer,3,0.0,0.3333333333333333
deuce,Niels Visker,3,0.6666666666666666,1.0
deuce,Robin Haase,3,0.3333333333333333,0.0
ad,Thiago Monteiro,3,0.0,0.3333333333333333
deuce,Viktor Durasovic,3,0.0,0.6666666666666666
deuce,Alexandre Muller,2,1.0,0.0
deuce,Andrea Vavassori,2,0.5,0.5
deuce,Cooper Williams,2,0.5,0.5
deuce,Filip Krajinovic,2,1.0,0.0
deuce,Gijs Brouwer,2,1.0,0.5
deuce,Jack Sock,2,0.5,1.0
deuce,Jelle Sels,2,1.0,0.5
ad,Joshua Sheehy,2,0.0,0.0
deuce,Karlis Ozolins,2,0.5,0.0
deuce,Kris Van Wyk,2,0.0,0.0
deuce,Mariano Navone,2,0.5,0.5
deuce,Michael Geerts,2,0.0,0.0
deuce,Nick Hardt,2,0.0,0.5
deuce,Patrick Kypson,2,0.0,0.0
deuce,Ryan Seggerman,2,0.5,0.5
deuce,Strong Kirchheimer,2,1.0,0.0
deuce,Ugo Humbert,2,0.5,0.5
deuce,Antoine Escoffier,1,0.0,1.0
deuce,Aristotelis Thanos,1,0.0,0.0
deuce,Cooper Kose,1,0.0,1.0
deuce,Federico Coria,1,1.0,1.0
deuce,Jan Kumstat,1,0.0,0.0
deuce,Kevin Anderson,1,0.0,1.0
deuce,Marc Andrea Huesler,1,1.0,1.0
deuce,Marc Polmans,1,1.0,0.0
deuce,Nikoloz Basilashvili,1,0.0,1.0
deuce,Patrick Brady,1,0.0,1.0
deuce,Peter Gojowczyk,1,1.0,0.0
deuce,Rio Noguchi,1,0.0,0.0
deuce,Seong Chan Hong,1,0.0,1.0
deuce,Sergiy Stakhovsky,1,0.0,0.0
